{
  "hmm": {
    "n_states": 5,
    "log_likelihood": -4321.250707563829,
    "state_distribution": {
      "TREND_UP": {
        "count": 376,
        "pct": 36.0,
        "mean_daily_return": -0.421,
        "mean_atr_ratio": 1.04
      },
      "RANGE_BOUND": {
        "count": 315,
        "pct": 30.2,
        "mean_daily_return": -0.476,
        "mean_atr_ratio": 0.84
      },
      "HIGH_VOLATILITY": {
        "count": 147,
        "pct": 14.1,
        "mean_daily_return": 0.777,
        "mean_atr_ratio": 1.45
      }
    },
    "transition_matrix": [
      [
        0.11184149820661578,
        0.7200034682707234,
        0.04920025866340563,
        2.7659831602616024e-36,
        0.11895477485925536
      ],
      [
        0.47206122413871243,
        0.506247510139689,
        0.021691265721572775,
        9.454306673208525e-93,
        2.5637566742713295e-14
      ],
      [
        7.07049173018524e-50,
        0.03231379278877478,
        0.031120542612737858,
        0.5131577568204129,
        0.42340790777807447
      ],
      [
        3.783623398479725e-195,
        5.272832980522704e-157,
        0.0679476442115386,
        0.8077081563822925,
        0.12434419940616884
      ],
      [
        1.1699004356391345e-26,
        0.08812364977108805,
        0.07945602548941441,
        3.937742632129147e-51,
        0.8324203247394976
      ]
    ]
  },
  "hmm_current": {
    "regime": "RANGE_BOUND",
    "confidence": 0.688,
    "all_probs": {
      "TREND_UP": 0.275,
      "RANGE_BOUND": 0.688,
      "HIGH_VOLATILITY": 0.0
    },
    "transition_hint": "RANGE_BOUND → TREND_UP (47%)",
    "source": "hmm"
  },
  "isolation_forest": {
    "total_samples": 103,
    "anomaly_count": 6,
    "anomaly_rate": 5.8,
    "contamination": 0.05
  }
}