{
  "hmm": {
    "n_states": 5,
    "log_likelihood": -4321.250707563728,
    "state_distribution": {
      "TREND_UP": {
        "count": 376,
        "pct": 36.0,
        "mean_daily_return": -0.421,
        "mean_atr_ratio": 1.04
      },
      "RANGE_BOUND": {
        "count": 315,
        "pct": 30.2,
        "mean_daily_return": -0.476,
        "mean_atr_ratio": 0.84
      },
      "HIGH_VOLATILITY": {
        "count": 147,
        "pct": 14.1,
        "mean_daily_return": 0.777,
        "mean_atr_ratio": 1.45
      }
    },
    "transition_matrix": [
      [
        0.11184149820672028,
        0.7200034682709711,
        0.04920025866336777,
        2.7659831605336397e-36,
        0.11895477485894093
      ],
      [
        0.47206122413987117,
        0.5062475101385806,
        0.02169126572152278,
        9.454306672674332e-93,
        2.5637566741365078e-14
      ],
      [
        7.070491730502843e-50,
        0.032313792788742864,
        0.031120542612686646,
        0.5131577568227944,
        0.42340790777577614
      ],
      [
        3.783623398824635e-195,
        5.272832981084295e-157,
        0.06794764421211698,
        0.8077081563814824,
        0.12434419940640061
      ],
      [
        1.1699004356796717e-26,
        0.08812364977114459,
        0.0794560254891592,
        3.937742632123344e-51,
        0.8324203247396962
      ]
    ]
  },
  "hmm_current": {
    "regime": "RANGE_BOUND",
    "confidence": 0.688,
    "all_probs": {
      "TREND_UP": 0.275,
      "RANGE_BOUND": 0.688,
      "HIGH_VOLATILITY": 0.0
    },
    "transition_hint": "RANGE_BOUND → TREND_UP (47%)",
    "source": "hmm"
  },
  "isolation_forest": {
    "total_samples": 103,
    "anomaly_count": 6,
    "anomaly_rate": 5.8,
    "contamination": 0.05
  }
}