{
  "params": {
    "ma_short": 13,
    "ma_long": 79,
    "bb_squeeze_threshold": 0.812998962413234,
    "atr_hvol_threshold": 1.8724297533826495,
    "tp1_pct": 0.18316617062542137,
    "tp1_sell_ratio": 0.7821265326466517,
    "trail_atr_mult": 2.1940860133358857,
    "sl_pct": -0.03899255461077213,
    "cooldown_days": 0,
    "rsi_entry": 32.42192653087845,
    "invest_ratio": 0.49310623527141323
  },
  "meta": {
    "optimized_at": "2026-04-13T06:26:58.793644",
    "score": -0.40056034239744726,
    "n_windows": 41
  }
}